species,set,quantile,distance,file
Crypturellus atrocapillus,1,0.05,0.05708080530166626,../data/Tinamidae_5s_npz/Crypturellus atrocapillus/221800_03.npz
Crypturellus atrocapillus,2,0.15,0.06616175174713135,../data/Tinamidae_5s_npz/Crypturellus atrocapillus/151848_03.npz
Crypturellus atrocapillus,3,0.25,0.07037442922592163,../data/Tinamidae_5s_npz/Crypturellus atrocapillus/474407_01.npz
Crypturellus atrocapillus,4,0.35,0.07895028591156006,../data/Tinamidae_5s_npz/Crypturellus atrocapillus/436146_01.npz
Crypturellus atrocapillus,5,0.44999999999999996,0.08304762840270996,../data/Tinamidae_5s_npz/Crypturellus atrocapillus/490304_02.npz
Crypturellus atrocapillus,6,0.5499999999999999,0.10288524627685547,../data/Tinamidae_5s_npz/Crypturellus atrocapillus/535963_02.npz
Crypturellus atrocapillus,7,0.65,0.1158522367477417,../data/Tinamidae_5s_npz/Crypturellus atrocapillus/83023_01.npz
Crypturellus atrocapillus,8,0.75,0.12676239013671875,../data/Tinamidae_5s_npz/Crypturellus atrocapillus/90565_01.npz
Crypturellus atrocapillus,9,0.85,0.14547216892242432,../data/Tinamidae_5s_npz/Crypturellus atrocapillus/13355_01.npz
Crypturellus atrocapillus,10,0.95,0.174859881401062,../data/Tinamidae_5s_npz/Crypturellus atrocapillus/221801_01.npz
Crypturellus bartletti,1,0.05,0.12738829851150513,../data/Tinamidae_5s_npz/Crypturellus bartletti/192_02.npz
Crypturellus bartletti,2,0.15,0.161279559135437,../data/Tinamidae_5s_npz/Crypturellus bartletti/158359_02.npz
Crypturellus bartletti,3,0.25,0.17581814527511597,../data/Tinamidae_5s_npz/Crypturellus bartletti/66596_01.npz
Crypturellus bartletti,4,0.35,0.1992785930633545,../data/Tinamidae_5s_npz/Crypturellus bartletti/212362_01.npz
Crypturellus bartletti,5,0.44999999999999996,0.23107755184173584,../data/Tinamidae_5s_npz/Crypturellus bartletti/73473_10.npz
Crypturellus bartletti,6,0.5499999999999999,0.2543790936470032,../data/Tinamidae_5s_npz/Crypturellus bartletti/207889_01.npz
Crypturellus bartletti,7,0.65,0.2767641544342041,../data/Tinamidae_5s_npz/Crypturellus bartletti/73473_12.npz
Crypturellus bartletti,8,0.75,0.30014026165008545,../data/Tinamidae_5s_npz/Crypturellus bartletti/75992_02.npz
Crypturellus bartletti,9,0.85,0.35713624954223633,../data/Tinamidae_5s_npz/Crypturellus bartletti/66596_06.npz
Crypturellus bartletti,10,0.95,0.41680777072906494,../data/Tinamidae_5s_npz/Crypturellus bartletti/63321_07.npz
Crypturellus berlepschi,1,0.05,0.07004058361053467,../data/Tinamidae_5s_npz/Crypturellus berlepschi/38.npz
Crypturellus berlepschi,2,0.15,0.08480966091156006,../data/Tinamidae_5s_npz/Crypturellus berlepschi/03.npz
Crypturellus berlepschi,3,0.25,0.09486836194992065,../data/Tinamidae_5s_npz/Crypturellus berlepschi/23.npz
Crypturellus berlepschi,4,0.35,0.11502104997634888,../data/Tinamidae_5s_npz/Crypturellus berlepschi/22.npz
Crypturellus berlepschi,5,0.44999999999999996,0.12067407369613647,../data/Tinamidae_5s_npz/Crypturellus berlepschi/24.npz
Crypturellus berlepschi,6,0.5499999999999999,0.14168161153793335,../data/Tinamidae_5s_npz/Crypturellus berlepschi/06.npz
Crypturellus berlepschi,7,0.65,0.1725010871887207,../data/Tinamidae_5s_npz/Crypturellus berlepschi/30.npz
Crypturellus berlepschi,8,0.75,0.23320358991622925,../data/Tinamidae_5s_npz/Crypturellus berlepschi/25.npz
Crypturellus berlepschi,9,0.85,0.2920328378677368,../data/Tinamidae_5s_npz/Crypturellus berlepschi/28.npz
Crypturellus berlepschi,10,0.95,0.3604666590690613,../data/Tinamidae_5s_npz/Crypturellus berlepschi/47.npz
Crypturellus boucardi,1,0.05,0.03995072841644287,../data/Tinamidae_5s_npz/Crypturellus boucardi/12.npz
Crypturellus boucardi,2,0.15,0.04425990581512451,../data/Tinamidae_5s_npz/Crypturellus boucardi/44.npz
Crypturellus boucardi,3,0.25,0.04938864707946777,../data/Tinamidae_5s_npz/Crypturellus boucardi/33.npz
Crypturellus boucardi,4,0.35,0.05839943885803223,../data/Tinamidae_5s_npz/Crypturellus boucardi/63.npz
Crypturellus boucardi,5,0.44999999999999996,0.06487154960632324,../data/Tinamidae_5s_npz/Crypturellus boucardi/71.npz
Crypturellus boucardi,6,0.5499999999999999,0.07320785522460938,../data/Tinamidae_5s_npz/Crypturellus boucardi/03.npz
Crypturellus boucardi,7,0.65,0.08076000213623047,../data/Tinamidae_5s_npz/Crypturellus boucardi/68.npz
Crypturellus boucardi,8,0.75,0.10843849182128906,../data/Tinamidae_5s_npz/Crypturellus boucardi/15.npz
Crypturellus boucardi,9,0.85,0.12631291151046753,../data/Tinamidae_5s_npz/Crypturellus boucardi/32.npz
Crypturellus boucardi,10,0.95,0.17939162254333496,../data/Tinamidae_5s_npz/Crypturellus boucardi/70.npz
Crypturellus brevirostris,1,0.05,0.1571207046508789,../data/Tinamidae_5s_npz/Crypturellus brevirostris/01.npz
Crypturellus brevirostris,2,0.15,0.18024170398712158,../data/Tinamidae_5s_npz/Crypturellus brevirostris/05_chunk5.npz
Crypturellus brevirostris,3,0.25,0.20060193538665771,../data/Tinamidae_5s_npz/Crypturellus brevirostris/08_chunk1.npz
Crypturellus brevirostris,4,0.35,0.20707488059997559,../data/Tinamidae_5s_npz/Crypturellus brevirostris/03_chunk1.npz
Crypturellus brevirostris,5,0.44999999999999996,0.25017571449279785,../data/Tinamidae_5s_npz/Crypturellus brevirostris/03_chunk2.npz
Crypturellus brevirostris,6,0.5499999999999999,0.2717723846435547,../data/Tinamidae_5s_npz/Crypturellus brevirostris/28_chunk2.npz
Crypturellus brevirostris,7,0.65,0.32430803775787354,../data/Tinamidae_5s_npz/Crypturellus brevirostris/10.npz
Crypturellus brevirostris,8,0.75,0.35445141792297363,../data/Tinamidae_5s_npz/Crypturellus brevirostris/16.npz
Crypturellus brevirostris,9,0.85,0.39581650495529175,../data/Tinamidae_5s_npz/Crypturellus brevirostris/11.npz
Crypturellus brevirostris,10,0.95,0.4363044500350952,../data/Tinamidae_5s_npz/Crypturellus brevirostris/18.npz
Crypturellus casiquiare,1,0.05,0.046296775341033936,../data/Tinamidae_5s_npz/Crypturellus casiquiare/01_chunk3.npz
Crypturellus casiquiare,2,0.15,0.05083543062210083,../data/Tinamidae_5s_npz/Crypturellus casiquiare/04_chunk4.npz
Crypturellus casiquiare,3,0.25,0.07884258031845093,../data/Tinamidae_5s_npz/Crypturellus casiquiare/02_chunk4.npz
Crypturellus casiquiare,4,0.35,0.08234024047851562,../data/Tinamidae_5s_npz/Crypturellus casiquiare/05_chunk3.npz
Crypturellus casiquiare,5,0.44999999999999996,0.10566091537475586,../data/Tinamidae_5s_npz/Crypturellus casiquiare/03_chunk4.npz
Crypturellus casiquiare,6,0.5499999999999999,0.12795096635818481,../data/Tinamidae_5s_npz/Crypturellus casiquiare/04_chunk2.npz
Crypturellus casiquiare,7,0.65,0.159079909324646,../data/Tinamidae_5s_npz/Crypturellus casiquiare/04_chunk1.npz
Crypturellus casiquiare,8,0.75,0.16006982326507568,../data/Tinamidae_5s_npz/Crypturellus casiquiare/05_chunk4.npz
Crypturellus casiquiare,9,0.85,0.17633867263793945,../data/Tinamidae_5s_npz/Crypturellus casiquiare/01_chunk1.npz
Crypturellus casiquiare,10,0.95,0.25268447399139404,../data/Tinamidae_5s_npz/Crypturellus casiquiare/03_chunk1.npz
Crypturellus cinereus,1,0.05,0.04294317960739136,../data/Tinamidae_5s_npz/Crypturellus cinereus/81.npz
Crypturellus cinereus,2,0.15,0.06039649248123169,../data/Tinamidae_5s_npz/Crypturellus cinereus/175.npz
Crypturellus cinereus,3,0.25,0.06968790292739868,../data/Tinamidae_5s_npz/Crypturellus cinereus/188.npz
Crypturellus cinereus,4,0.35,0.08295679092407227,../data/Tinamidae_5s_npz/Crypturellus cinereus/160.npz
Crypturellus cinereus,5,0.44999999999999996,0.09655272960662842,../data/Tinamidae_5s_npz/Crypturellus cinereus/53.npz
Crypturellus cinereus,6,0.5499999999999999,0.10970550775527954,../data/Tinamidae_5s_npz/Crypturellus cinereus/101.npz
Crypturellus cinereus,7,0.65,0.12282538414001465,../data/Tinamidae_5s_npz/Crypturellus cinereus/135.npz
Crypturellus cinereus,8,0.75,0.14972352981567383,../data/Tinamidae_5s_npz/Crypturellus cinereus/52.npz
Crypturellus cinereus,9,0.85,0.20150601863861084,../data/Tinamidae_5s_npz/Crypturellus cinereus/170.npz
Crypturellus cinereus,10,0.95,0.2840465307235718,../data/Tinamidae_5s_npz/Crypturellus cinereus/119.npz
Crypturellus cinnamomeus,1,0.05,0.06184542179107666,../data/Tinamidae_5s_npz/Crypturellus cinnamomeus/66.npz
Crypturellus cinnamomeus,2,0.15,0.07989788055419922,../data/Tinamidae_5s_npz/Crypturellus cinnamomeus/58.npz
Crypturellus cinnamomeus,3,0.25,0.09372925758361816,../data/Tinamidae_5s_npz/Crypturellus cinnamomeus/87.npz
Crypturellus cinnamomeus,4,0.35,0.1086951494216919,../data/Tinamidae_5s_npz/Crypturellus cinnamomeus/41.npz
Crypturellus cinnamomeus,5,0.44999999999999996,0.12288081645965576,../data/Tinamidae_5s_npz/Crypturellus cinnamomeus/69.npz
Crypturellus cinnamomeus,6,0.5499999999999999,0.14005815982818604,../data/Tinamidae_5s_npz/Crypturellus cinnamomeus/24.npz
Crypturellus cinnamomeus,7,0.65,0.15983819961547852,../data/Tinamidae_5s_npz/Crypturellus cinnamomeus/39.npz
Crypturellus cinnamomeus,8,0.75,0.1915757656097412,../data/Tinamidae_5s_npz/Crypturellus cinnamomeus/47.npz
Crypturellus cinnamomeus,9,0.85,0.22349941730499268,../data/Tinamidae_5s_npz/Crypturellus cinnamomeus/08.npz
Crypturellus cinnamomeus,10,0.95,0.31766408681869507,../data/Tinamidae_5s_npz/Crypturellus cinnamomeus/86.npz
Crypturellus duidae,1,0.05,0.01656419038772583,../data/Tinamidae_5s_npz/Crypturellus duidae/23.npz
Crypturellus duidae,2,0.15,0.029683172702789307,../data/Tinamidae_5s_npz/Crypturellus duidae/18.npz
Crypturellus duidae,3,0.25,0.04488140344619751,../data/Tinamidae_5s_npz/Crypturellus duidae/14.npz
Crypturellus duidae,4,0.35,0.05367100238800049,../data/Tinamidae_5s_npz/Crypturellus duidae/19.npz
Crypturellus duidae,5,0.44999999999999996,0.06311637163162231,../data/Tinamidae_5s_npz/Crypturellus duidae/05.npz
Crypturellus duidae,6,0.5499999999999999,0.07269495725631714,../data/Tinamidae_5s_npz/Crypturellus duidae/50.npz
Crypturellus duidae,7,0.65,0.08179354667663574,../data/Tinamidae_5s_npz/Crypturellus duidae/17.npz
Crypturellus duidae,8,0.75,0.09395337104797363,../data/Tinamidae_5s_npz/Crypturellus duidae/31.npz
Crypturellus duidae,9,0.85,0.13732290267944336,../data/Tinamidae_5s_npz/Crypturellus duidae/35.npz
Crypturellus duidae,10,0.95,0.15784019231796265,../data/Tinamidae_5s_npz/Crypturellus duidae/37.npz
Crypturellus erythropus,1,0.05,0.05070900917053223,../data/Tinamidae_5s_npz/Crypturellus erythropus/67.npz
Crypturellus erythropus,2,0.15,0.0601314902305603,../data/Tinamidae_5s_npz/Crypturellus erythropus/45.npz
Crypturellus erythropus,3,0.25,0.0787038803100586,../data/Tinamidae_5s_npz/Crypturellus erythropus/70.npz
Crypturellus erythropus,4,0.35,0.08530294895172119,../data/Tinamidae_5s_npz/Crypturellus erythropus/25.npz
Crypturellus erythropus,5,0.44999999999999996,0.09612452983856201,../data/Tinamidae_5s_npz/Crypturellus erythropus/55.npz
Crypturellus erythropus,6,0.5499999999999999,0.11357247829437256,../data/Tinamidae_5s_npz/Crypturellus erythropus/02.npz
Crypturellus erythropus,7,0.65,0.1244349479675293,../data/Tinamidae_5s_npz/Crypturellus erythropus/24.npz
Crypturellus erythropus,8,0.75,0.13108694553375244,../data/Tinamidae_5s_npz/Crypturellus erythropus/51.npz
Crypturellus erythropus,9,0.85,0.1515231728553772,../data/Tinamidae_5s_npz/Crypturellus erythropus/53.npz
Crypturellus erythropus,10,0.95,0.22060167789459229,../data/Tinamidae_5s_npz/Crypturellus erythropus/09.npz
Crypturellus kerriae,1,0.05,0.07557553052902222,../data/Tinamidae_5s_npz/Crypturellus kerriae/08.npz
Crypturellus kerriae,2,0.15,0.08069717884063721,../data/Tinamidae_5s_npz/Crypturellus kerriae/07.npz
Crypturellus kerriae,3,0.25,0.09329915046691895,../data/Tinamidae_5s_npz/Crypturellus kerriae/03.npz
Crypturellus kerriae,4,0.35,0.10871058702468872,../data/Tinamidae_5s_npz/Crypturellus kerriae/06.npz
Crypturellus kerriae,5,0.44999999999999996,0.13802528381347656,../data/Tinamidae_5s_npz/Crypturellus kerriae/02.npz
Crypturellus kerriae,6,0.5499999999999999,0.14100825786590576,../data/Tinamidae_5s_npz/Crypturellus kerriae/11.npz
Crypturellus kerriae,7,0.65,0.14217102527618408,../data/Tinamidae_5s_npz/Crypturellus kerriae/12.npz
Crypturellus kerriae,8,0.75,0.1647447943687439,../data/Tinamidae_5s_npz/Crypturellus kerriae/16.npz
Crypturellus kerriae,9,0.85,0.20322555303573608,../data/Tinamidae_5s_npz/Crypturellus kerriae/17.npz
Crypturellus kerriae,10,0.95,0.2078595757484436,../data/Tinamidae_5s_npz/Crypturellus kerriae/04.npz
Crypturellus noctivagus,1,0.05,0.046415090560913086,../data/Tinamidae_5s_npz/Crypturellus noctivagus/17.npz
Crypturellus noctivagus,2,0.15,0.05352264642715454,../data/Tinamidae_5s_npz/Crypturellus noctivagus/23.npz
Crypturellus noctivagus,3,0.25,0.06281650066375732,../data/Tinamidae_5s_npz/Crypturellus noctivagus/58.npz
Crypturellus noctivagus,4,0.35,0.07226681709289551,../data/Tinamidae_5s_npz/Crypturellus noctivagus/42.npz
Crypturellus noctivagus,5,0.44999999999999996,0.08879494667053223,../data/Tinamidae_5s_npz/Crypturellus noctivagus/04.npz
Crypturellus noctivagus,6,0.5499999999999999,0.09270656108856201,../data/Tinamidae_5s_npz/Crypturellus noctivagus/52.npz
Crypturellus noctivagus,7,0.65,0.10924065113067627,../data/Tinamidae_5s_npz/Crypturellus noctivagus/03.npz
Crypturellus noctivagus,8,0.75,0.128836989402771,../data/Tinamidae_5s_npz/Crypturellus noctivagus/65.npz
Crypturellus noctivagus,9,0.85,0.15569531917572021,../data/Tinamidae_5s_npz/Crypturellus noctivagus/01.npz
Crypturellus noctivagus,10,0.95,0.20914506912231445,../data/Tinamidae_5s_npz/Crypturellus noctivagus/45.npz
Crypturellus obsoletus,1,0.05,0.19413316249847412,../data/Tinamidae_5s_npz/Crypturellus obsoletus/64.npz
Crypturellus obsoletus,2,0.15,0.22732800245285034,../data/Tinamidae_5s_npz/Crypturellus obsoletus/11.npz
Crypturellus obsoletus,3,0.25,0.25632238388061523,../data/Tinamidae_5s_npz/Crypturellus obsoletus/44.npz
Crypturellus obsoletus,4,0.35,0.2979549765586853,../data/Tinamidae_5s_npz/Crypturellus obsoletus/53.npz
Crypturellus obsoletus,5,0.44999999999999996,0.32833510637283325,../data/Tinamidae_5s_npz/Crypturellus obsoletus/06.npz
Crypturellus obsoletus,6,0.5499999999999999,0.3543586730957031,../data/Tinamidae_5s_npz/Crypturellus obsoletus/24.npz
Crypturellus obsoletus,7,0.65,0.37560343742370605,../data/Tinamidae_5s_npz/Crypturellus obsoletus/52.npz
Crypturellus obsoletus,8,0.75,0.40749597549438477,../data/Tinamidae_5s_npz/Crypturellus obsoletus/42_chunk1.npz
Crypturellus obsoletus,9,0.85,0.46804553270339966,../data/Tinamidae_5s_npz/Crypturellus obsoletus/85_chunk2.npz
Crypturellus obsoletus,10,0.95,0.5166240930557251,../data/Tinamidae_5s_npz/Crypturellus obsoletus/98_chunk2.npz
Crypturellus parvirostris,1,0.05,0.15897786617279053,../data/Tinamidae_5s_npz/Crypturellus parvirostris/08_chunk3.npz
Crypturellus parvirostris,2,0.15,0.1869097352027893,../data/Tinamidae_5s_npz/Crypturellus parvirostris/15_chunk1.npz
Crypturellus parvirostris,3,0.25,0.2028052806854248,../data/Tinamidae_5s_npz/Crypturellus parvirostris/09_chunk3.npz
Crypturellus parvirostris,4,0.35,0.24583148956298828,../data/Tinamidae_5s_npz/Crypturellus parvirostris/15_chunk2.npz
Crypturellus parvirostris,5,0.44999999999999996,0.2796955108642578,../data/Tinamidae_5s_npz/Crypturellus parvirostris/30_chunk4.npz
Crypturellus parvirostris,6,0.5499999999999999,0.32952916622161865,../data/Tinamidae_5s_npz/Crypturellus parvirostris/36_chunk5.npz
Crypturellus parvirostris,7,0.65,0.36273765563964844,../data/Tinamidae_5s_npz/Crypturellus parvirostris/13_chunk2.npz
Crypturellus parvirostris,8,0.75,0.39468955993652344,../data/Tinamidae_5s_npz/Crypturellus parvirostris/17.npz
Crypturellus parvirostris,9,0.85,0.4245380163192749,../data/Tinamidae_5s_npz/Crypturellus parvirostris/13_chunk6.npz
Crypturellus parvirostris,10,0.95,0.4816286563873291,../data/Tinamidae_5s_npz/Crypturellus parvirostris/49.npz
Crypturellus ptaritepui,1,0.05,0.04979431629180908,../data/Tinamidae_5s_npz/Crypturellus ptaritepui/10.npz
Crypturellus ptaritepui,2,0.15,0.05794256925582886,../data/Tinamidae_5s_npz/Crypturellus ptaritepui/09.npz
Crypturellus ptaritepui,3,0.25,0.08337914943695068,../data/Tinamidae_5s_npz/Crypturellus ptaritepui/08.npz
Crypturellus ptaritepui,4,0.35,0.0935596227645874,../data/Tinamidae_5s_npz/Crypturellus ptaritepui/12.npz
Crypturellus ptaritepui,5,0.44999999999999996,0.09745609760284424,../data/Tinamidae_5s_npz/Crypturellus ptaritepui/07.npz
Crypturellus ptaritepui,6,0.5499999999999999,0.1143484115600586,../data/Tinamidae_5s_npz/Crypturellus ptaritepui/01.npz
Crypturellus ptaritepui,7,0.65,0.11514472961425781,../data/Tinamidae_5s_npz/Crypturellus ptaritepui/05.npz
Crypturellus ptaritepui,8,0.75,0.12299293279647827,../data/Tinamidae_5s_npz/Crypturellus ptaritepui/04.npz
Crypturellus ptaritepui,9,0.85,0.1363200545310974,../data/Tinamidae_5s_npz/Crypturellus ptaritepui/06.npz
Crypturellus ptaritepui,10,0.95,0.15552377700805664,../data/Tinamidae_5s_npz/Crypturellus ptaritepui/02.npz
Crypturellus soui,1,0.05,0.056789517402648926,../data/Tinamidae_5s_npz/Crypturellus soui/51.npz
Crypturellus soui,2,0.15,0.07479369640350342,../data/Tinamidae_5s_npz/Crypturellus soui/27.npz
Crypturellus soui,3,0.25,0.08504056930541992,../data/Tinamidae_5s_npz/Crypturellus soui/47.npz
Crypturellus soui,4,0.35,0.10368013381958008,../data/Tinamidae_5s_npz/Crypturellus soui/22.npz
Crypturellus soui,5,0.44999999999999996,0.11494553089141846,../data/Tinamidae_5s_npz/Crypturellus soui/20.npz
Crypturellus soui,6,0.5499999999999999,0.13993173837661743,../data/Tinamidae_5s_npz/Crypturellus soui/19.npz
Crypturellus soui,7,0.65,0.16420096158981323,../data/Tinamidae_5s_npz/Crypturellus soui/32.npz
Crypturellus soui,8,0.75,0.21844273805618286,../data/Tinamidae_5s_npz/Crypturellus soui/31.npz
Crypturellus soui,9,0.85,0.2729572653770447,../data/Tinamidae_5s_npz/Crypturellus soui/45.npz
Crypturellus soui,10,0.95,0.3955155611038208,../data/Tinamidae_5s_npz/Crypturellus soui/05.npz
Crypturellus strigulosus,1,0.05,0.031542420387268066,../data/Tinamidae_5s_npz/Crypturellus strigulosus/24.npz
Crypturellus strigulosus,2,0.15,0.03307086229324341,../data/Tinamidae_5s_npz/Crypturellus strigulosus/14.npz
Crypturellus strigulosus,3,0.25,0.03883016109466553,../data/Tinamidae_5s_npz/Crypturellus strigulosus/22.npz
Crypturellus strigulosus,4,0.35,0.04202461242675781,../data/Tinamidae_5s_npz/Crypturellus strigulosus/36.npz
Crypturellus strigulosus,5,0.44999999999999996,0.04876899719238281,../data/Tinamidae_5s_npz/Crypturellus strigulosus/07.npz
Crypturellus strigulosus,6,0.5499999999999999,0.06463128328323364,../data/Tinamidae_5s_npz/Crypturellus strigulosus/12.npz
Crypturellus strigulosus,7,0.65,0.07877504825592041,../data/Tinamidae_5s_npz/Crypturellus strigulosus/32.npz
Crypturellus strigulosus,8,0.75,0.09393435716629028,../data/Tinamidae_5s_npz/Crypturellus strigulosus/40.npz
Crypturellus strigulosus,9,0.85,0.11289870738983154,../data/Tinamidae_5s_npz/Crypturellus strigulosus/10.npz
Crypturellus strigulosus,10,0.95,0.23006713390350342,../data/Tinamidae_5s_npz/Crypturellus strigulosus/35.npz
Crypturellus tataupa,1,0.05,0.13837236166000366,../data/Tinamidae_5s_npz/Crypturellus tataupa/36.npz
Crypturellus tataupa,2,0.15,0.16901540756225586,../data/Tinamidae_5s_npz/Crypturellus tataupa/32.npz
Crypturellus tataupa,3,0.25,0.185383141040802,../data/Tinamidae_5s_npz/Crypturellus tataupa/31.npz
Crypturellus tataupa,4,0.35,0.20267951488494873,../data/Tinamidae_5s_npz/Crypturellus tataupa/18.npz
Crypturellus tataupa,5,0.44999999999999996,0.24367356300354004,../data/Tinamidae_5s_npz/Crypturellus tataupa/38.npz
Crypturellus tataupa,6,0.5499999999999999,0.2644294500350952,../data/Tinamidae_5s_npz/Crypturellus tataupa/03.npz
Crypturellus tataupa,7,0.65,0.2826427221298218,../data/Tinamidae_5s_npz/Crypturellus tataupa/07.npz
Crypturellus tataupa,8,0.75,0.31657660007476807,../data/Tinamidae_5s_npz/Crypturellus tataupa/52.npz
Crypturellus tataupa,9,0.85,0.38541799783706665,../data/Tinamidae_5s_npz/Crypturellus tataupa/24.npz
Crypturellus tataupa,10,0.95,0.44660311937332153,../data/Tinamidae_5s_npz/Crypturellus tataupa/15_chunk2.npz
Crypturellus transfasciatus,1,0.05,0.02788180112838745,../data/Tinamidae_5s_npz/Crypturellus transfasciatus/40.npz
Crypturellus transfasciatus,2,0.15,0.031216084957122803,../data/Tinamidae_5s_npz/Crypturellus transfasciatus/08.npz
Crypturellus transfasciatus,3,0.25,0.033420562744140625,../data/Tinamidae_5s_npz/Crypturellus transfasciatus/20.npz
Crypturellus transfasciatus,4,0.35,0.03784811496734619,../data/Tinamidae_5s_npz/Crypturellus transfasciatus/06.npz
Crypturellus transfasciatus,5,0.44999999999999996,0.04444366693496704,../data/Tinamidae_5s_npz/Crypturellus transfasciatus/39.npz
Crypturellus transfasciatus,6,0.5499999999999999,0.055915236473083496,../data/Tinamidae_5s_npz/Crypturellus transfasciatus/48.npz
Crypturellus transfasciatus,7,0.65,0.06759941577911377,../data/Tinamidae_5s_npz/Crypturellus transfasciatus/47.npz
Crypturellus transfasciatus,8,0.75,0.08387184143066406,../data/Tinamidae_5s_npz/Crypturellus transfasciatus/04.npz
Crypturellus transfasciatus,9,0.85,0.09344249963760376,../data/Tinamidae_5s_npz/Crypturellus transfasciatus/46.npz
Crypturellus transfasciatus,10,0.95,0.11991226673126221,../data/Tinamidae_5s_npz/Crypturellus transfasciatus/45.npz
Crypturellus undulatus,1,0.05,0.042162537574768066,../data/Tinamidae_5s_npz/Crypturellus undulatus/04.npz
Crypturellus undulatus,2,0.15,0.04671734571456909,../data/Tinamidae_5s_npz/Crypturellus undulatus/46.npz
Crypturellus undulatus,3,0.25,0.05181384086608887,../data/Tinamidae_5s_npz/Crypturellus undulatus/17.npz
Crypturellus undulatus,4,0.35,0.056642889976501465,../data/Tinamidae_5s_npz/Crypturellus undulatus/13.npz
Crypturellus undulatus,5,0.44999999999999996,0.05773049592971802,../data/Tinamidae_5s_npz/Crypturellus undulatus/14.npz
Crypturellus undulatus,6,0.5499999999999999,0.07571053504943848,../data/Tinamidae_5s_npz/Crypturellus undulatus/49.npz
Crypturellus undulatus,7,0.65,0.09087884426116943,../data/Tinamidae_5s_npz/Crypturellus undulatus/27.npz
Crypturellus undulatus,8,0.75,0.11105763912200928,../data/Tinamidae_5s_npz/Crypturellus undulatus/34.npz
Crypturellus undulatus,9,0.85,0.1437743902206421,../data/Tinamidae_5s_npz/Crypturellus undulatus/02.npz
Crypturellus undulatus,10,0.95,0.17504215240478516,../data/Tinamidae_5s_npz/Crypturellus undulatus/36.npz
Crypturellus variegatus,1,0.05,0.08202928304672241,../data/Tinamidae_5s_npz/Crypturellus variegatus/31.npz
Crypturellus variegatus,2,0.15,0.09707558155059814,../data/Tinamidae_5s_npz/Crypturellus variegatus/45.npz
Crypturellus variegatus,3,0.25,0.11709094047546387,../data/Tinamidae_5s_npz/Crypturellus variegatus/28.npz
Crypturellus variegatus,4,0.35,0.12747317552566528,../data/Tinamidae_5s_npz/Crypturellus variegatus/27.npz
Crypturellus variegatus,5,0.44999999999999996,0.14509069919586182,../data/Tinamidae_5s_npz/Crypturellus variegatus/38.npz
Crypturellus variegatus,6,0.5499999999999999,0.1947668194770813,../data/Tinamidae_5s_npz/Crypturellus variegatus/05.npz
Crypturellus variegatus,7,0.65,0.23938816785812378,../data/Tinamidae_5s_npz/Crypturellus variegatus/33.npz
Crypturellus variegatus,8,0.75,0.33344054222106934,../data/Tinamidae_5s_npz/Crypturellus variegatus/39.npz
Crypturellus variegatus,9,0.85,0.37399113178253174,../data/Tinamidae_5s_npz/Crypturellus variegatus/25.npz
Crypturellus variegatus,10,0.95,0.42968106269836426,../data/Tinamidae_5s_npz/Crypturellus variegatus/06.npz
Eudromia elegans,1,0.05,0.06848281621932983,../data/Tinamidae_5s_npz/Eudromia elegans/42.npz
Eudromia elegans,2,0.15,0.08861970901489258,../data/Tinamidae_5s_npz/Eudromia elegans/08.npz
Eudromia elegans,3,0.25,0.10267722606658936,../data/Tinamidae_5s_npz/Eudromia elegans/32.npz
Eudromia elegans,4,0.35,0.11219459772109985,../data/Tinamidae_5s_npz/Eudromia elegans/29.npz
Eudromia elegans,5,0.44999999999999996,0.13158780336380005,../data/Tinamidae_5s_npz/Eudromia elegans/38.npz
Eudromia elegans,6,0.5499999999999999,0.1401005983352661,../data/Tinamidae_5s_npz/Eudromia elegans/16.npz
Eudromia elegans,7,0.65,0.1548699140548706,../data/Tinamidae_5s_npz/Eudromia elegans/22.npz
Eudromia elegans,8,0.75,0.3065098524093628,../data/Tinamidae_5s_npz/Eudromia elegans/51.npz
Eudromia elegans,9,0.85,0.5496662855148315,../data/Tinamidae_5s_npz/Eudromia elegans/76.npz
Eudromia elegans,10,0.95,0.5806591510772705,../data/Tinamidae_5s_npz/Eudromia elegans/64.npz
Eudromia formosa,1,0.05,0.13064193725585938,../data/Tinamidae_5s_npz/Eudromia formosa/32.npz
Eudromia formosa,2,0.15,0.13838505744934082,../data/Tinamidae_5s_npz/Eudromia formosa/06.npz
Eudromia formosa,3,0.25,0.1536654233932495,../data/Tinamidae_5s_npz/Eudromia formosa/47.npz
Eudromia formosa,4,0.35,0.17352581024169922,../data/Tinamidae_5s_npz/Eudromia formosa/17.npz
Eudromia formosa,5,0.44999999999999996,0.19196313619613647,../data/Tinamidae_5s_npz/Eudromia formosa/10.npz
Eudromia formosa,6,0.5499999999999999,0.20877933502197266,../data/Tinamidae_5s_npz/Eudromia formosa/39.npz
Eudromia formosa,7,0.65,0.22761541604995728,../data/Tinamidae_5s_npz/Eudromia formosa/43.npz
Eudromia formosa,8,0.75,0.2705642580986023,../data/Tinamidae_5s_npz/Eudromia formosa/55.npz
Eudromia formosa,9,0.85,0.34793221950531006,../data/Tinamidae_5s_npz/Eudromia formosa/24.npz
Eudromia formosa,10,0.95,0.38445472717285156,../data/Tinamidae_5s_npz/Eudromia formosa/13.npz
Nothocercus bonapartei,1,0.05,0.053955256938934326,../data/Tinamidae_5s_npz/Nothocercus bonapartei/16.npz
Nothocercus bonapartei,2,0.15,0.056319594383239746,../data/Tinamidae_5s_npz/Nothocercus bonapartei/22.npz
Nothocercus bonapartei,3,0.25,0.06584769487380981,../data/Tinamidae_5s_npz/Nothocercus bonapartei/15.npz
Nothocercus bonapartei,4,0.35,0.1033163070678711,../data/Tinamidae_5s_npz/Nothocercus bonapartei/14.npz
Nothocercus bonapartei,5,0.44999999999999996,0.12454366683959961,../data/Tinamidae_5s_npz/Nothocercus bonapartei/48.npz
Nothocercus bonapartei,6,0.5499999999999999,0.14122676849365234,../data/Tinamidae_5s_npz/Nothocercus bonapartei/39.npz
Nothocercus bonapartei,7,0.65,0.15028655529022217,../data/Tinamidae_5s_npz/Nothocercus bonapartei/41.npz
Nothocercus bonapartei,8,0.75,0.16790270805358887,../data/Tinamidae_5s_npz/Nothocercus bonapartei/47.npz
Nothocercus bonapartei,9,0.85,0.21997684240341187,../data/Tinamidae_5s_npz/Nothocercus bonapartei/08.npz
Nothocercus bonapartei,10,0.95,0.22899460792541504,../data/Tinamidae_5s_npz/Nothocercus bonapartei/49.npz
Nothocercus julius,1,0.05,0.05536913871765137,../data/Tinamidae_5s_npz/Nothocercus julius/13.npz
Nothocercus julius,2,0.15,0.07394140958786011,../data/Tinamidae_5s_npz/Nothocercus julius/08.npz
Nothocercus julius,3,0.25,0.08323097229003906,../data/Tinamidae_5s_npz/Nothocercus julius/28.npz
Nothocercus julius,4,0.35,0.09488344192504883,../data/Tinamidae_5s_npz/Nothocercus julius/14.npz
Nothocercus julius,5,0.44999999999999996,0.10036039352416992,../data/Tinamidae_5s_npz/Nothocercus julius/31.npz
Nothocercus julius,6,0.5499999999999999,0.12117213010787964,../data/Tinamidae_5s_npz/Nothocercus julius/19.npz
Nothocercus julius,7,0.65,0.13865184783935547,../data/Tinamidae_5s_npz/Nothocercus julius/47.npz
Nothocercus julius,8,0.75,0.1661207675933838,../data/Tinamidae_5s_npz/Nothocercus julius/02.npz
Nothocercus julius,9,0.85,0.2041691541671753,../data/Tinamidae_5s_npz/Nothocercus julius/33.npz
Nothocercus julius,10,0.95,0.26964664459228516,../data/Tinamidae_5s_npz/Nothocercus julius/43.npz
Nothocercus nigrocapillus,1,0.05,0.06339061260223389,../data/Tinamidae_5s_npz/Nothocercus nigrocapillus/14.npz
Nothocercus nigrocapillus,2,0.15,0.0798371434211731,../data/Tinamidae_5s_npz/Nothocercus nigrocapillus/50.npz
Nothocercus nigrocapillus,3,0.25,0.08374947309494019,../data/Tinamidae_5s_npz/Nothocercus nigrocapillus/10.npz
Nothocercus nigrocapillus,4,0.35,0.08734375238418579,../data/Tinamidae_5s_npz/Nothocercus nigrocapillus/27.npz
Nothocercus nigrocapillus,5,0.44999999999999996,0.0932268500328064,../data/Tinamidae_5s_npz/Nothocercus nigrocapillus/17.npz
Nothocercus nigrocapillus,6,0.5499999999999999,0.09529978036880493,../data/Tinamidae_5s_npz/Nothocercus nigrocapillus/24.npz
Nothocercus nigrocapillus,7,0.65,0.10201025009155273,../data/Tinamidae_5s_npz/Nothocercus nigrocapillus/36.npz
Nothocercus nigrocapillus,8,0.75,0.11791598796844482,../data/Tinamidae_5s_npz/Nothocercus nigrocapillus/22.npz
Nothocercus nigrocapillus,9,0.85,0.1361844539642334,../data/Tinamidae_5s_npz/Nothocercus nigrocapillus/21.npz
Nothocercus nigrocapillus,10,0.95,0.15205872058868408,../data/Tinamidae_5s_npz/Nothocercus nigrocapillus/42.npz
Nothoprocta cinerascens,1,0.05,0.07480037212371826,../data/Tinamidae_5s_npz/Nothoprocta cinerascens/20.npz
Nothoprocta cinerascens,2,0.15,0.10062432289123535,../data/Tinamidae_5s_npz/Nothoprocta cinerascens/50.npz
Nothoprocta cinerascens,3,0.25,0.10751503705978394,../data/Tinamidae_5s_npz/Nothoprocta cinerascens/46.npz
Nothoprocta cinerascens,4,0.35,0.12890982627868652,../data/Tinamidae_5s_npz/Nothoprocta cinerascens/24.npz
Nothoprocta cinerascens,5,0.44999999999999996,0.14490175247192383,../data/Tinamidae_5s_npz/Nothoprocta cinerascens/43.npz
Nothoprocta cinerascens,6,0.5499999999999999,0.16201519966125488,../data/Tinamidae_5s_npz/Nothoprocta cinerascens/22.npz
Nothoprocta cinerascens,7,0.65,0.18157005310058594,../data/Tinamidae_5s_npz/Nothoprocta cinerascens/31.npz
Nothoprocta cinerascens,8,0.75,0.1993800401687622,../data/Tinamidae_5s_npz/Nothoprocta cinerascens/18.npz
Nothoprocta cinerascens,9,0.85,0.23103481531143188,../data/Tinamidae_5s_npz/Nothoprocta cinerascens/07.npz
Nothoprocta cinerascens,10,0.95,0.28383833169937134,../data/Tinamidae_5s_npz/Nothoprocta cinerascens/48.npz
Nothoprocta curvirostris,1,0.05,0.1686786413192749,../data/Tinamidae_5s_npz/Nothoprocta curvirostris/33.npz
Nothoprocta curvirostris,2,0.15,0.18140006065368652,../data/Tinamidae_5s_npz/Nothoprocta curvirostris/46.npz
Nothoprocta curvirostris,3,0.25,0.20256823301315308,../data/Tinamidae_5s_npz/Nothoprocta curvirostris/41.npz
Nothoprocta curvirostris,4,0.35,0.21254736185073853,../data/Tinamidae_5s_npz/Nothoprocta curvirostris/37.npz
Nothoprocta curvirostris,5,0.44999999999999996,0.22913622856140137,../data/Tinamidae_5s_npz/Nothoprocta curvirostris/32.npz
Nothoprocta curvirostris,6,0.5499999999999999,0.2451351284980774,../data/Tinamidae_5s_npz/Nothoprocta curvirostris/29.npz
Nothoprocta curvirostris,7,0.65,0.26470959186553955,../data/Tinamidae_5s_npz/Nothoprocta curvirostris/14.npz
Nothoprocta curvirostris,8,0.75,0.2862499952316284,../data/Tinamidae_5s_npz/Nothoprocta curvirostris/34.npz
Nothoprocta curvirostris,9,0.85,0.35077643394470215,../data/Tinamidae_5s_npz/Nothoprocta curvirostris/11.npz
Nothoprocta curvirostris,10,0.95,0.5006439685821533,../data/Tinamidae_5s_npz/Nothoprocta curvirostris/13.npz
Nothoprocta ornata,1,0.05,0.11912214756011963,../data/Tinamidae_5s_npz/Nothoprocta ornata/15.npz
Nothoprocta ornata,2,0.15,0.1394500732421875,../data/Tinamidae_5s_npz/Nothoprocta ornata/26.npz
Nothoprocta ornata,3,0.25,0.15257763862609863,../data/Tinamidae_5s_npz/Nothoprocta ornata/31.npz
Nothoprocta ornata,4,0.35,0.16335397958755493,../data/Tinamidae_5s_npz/Nothoprocta ornata/14.npz
Nothoprocta ornata,5,0.44999999999999996,0.181554913520813,../data/Tinamidae_5s_npz/Nothoprocta ornata/22.npz
Nothoprocta ornata,6,0.5499999999999999,0.235204815864563,../data/Tinamidae_5s_npz/Nothoprocta ornata/37.npz
Nothoprocta ornata,7,0.65,0.2715689539909363,../data/Tinamidae_5s_npz/Nothoprocta ornata/44.npz
Nothoprocta ornata,8,0.75,0.3144841194152832,../data/Tinamidae_5s_npz/Nothoprocta ornata/07.npz
Nothoprocta ornata,9,0.85,0.3858376741409302,../data/Tinamidae_5s_npz/Nothoprocta ornata/48.npz
Nothoprocta ornata,10,0.95,0.6510562896728516,../data/Tinamidae_5s_npz/Nothoprocta ornata/01.npz
Nothoprocta pentlandii,1,0.05,0.12081629037857056,../data/Tinamidae_5s_npz/Nothoprocta pentlandii/43.npz
Nothoprocta pentlandii,2,0.15,0.13568520545959473,../data/Tinamidae_5s_npz/Nothoprocta pentlandii/34.npz
Nothoprocta pentlandii,3,0.25,0.14727932214736938,../data/Tinamidae_5s_npz/Nothoprocta pentlandii/31.npz
Nothoprocta pentlandii,4,0.35,0.15043848752975464,../data/Tinamidae_5s_npz/Nothoprocta pentlandii/44.npz
Nothoprocta pentlandii,5,0.44999999999999996,0.1630702018737793,../data/Tinamidae_5s_npz/Nothoprocta pentlandii/30.npz
Nothoprocta pentlandii,6,0.5499999999999999,0.17914390563964844,../data/Tinamidae_5s_npz/Nothoprocta pentlandii/23.npz
Nothoprocta pentlandii,7,0.65,0.1996828317642212,../data/Tinamidae_5s_npz/Nothoprocta pentlandii/27.npz
Nothoprocta pentlandii,8,0.75,0.21344441175460815,../data/Tinamidae_5s_npz/Nothoprocta pentlandii/22.npz
Nothoprocta pentlandii,9,0.85,0.24076831340789795,../data/Tinamidae_5s_npz/Nothoprocta pentlandii/40.npz
Nothoprocta pentlandii,10,0.95,0.28034424781799316,../data/Tinamidae_5s_npz/Nothoprocta pentlandii/39.npz
Nothoprocta perdicaria,1,0.05,0.042206525802612305,../data/Tinamidae_5s_npz/Nothoprocta perdicaria/19.npz
Nothoprocta perdicaria,2,0.15,0.04978090524673462,../data/Tinamidae_5s_npz/Nothoprocta perdicaria/41.npz
Nothoprocta perdicaria,3,0.25,0.055801451206207275,../data/Tinamidae_5s_npz/Nothoprocta perdicaria/31.npz
Nothoprocta perdicaria,4,0.35,0.07004284858703613,../data/Tinamidae_5s_npz/Nothoprocta perdicaria/13.npz
Nothoprocta perdicaria,5,0.44999999999999996,0.07481658458709717,../data/Tinamidae_5s_npz/Nothoprocta perdicaria/17.npz
Nothoprocta perdicaria,6,0.5499999999999999,0.09608477354049683,../data/Tinamidae_5s_npz/Nothoprocta perdicaria/06.npz
Nothoprocta perdicaria,7,0.65,0.10928630828857422,../data/Tinamidae_5s_npz/Nothoprocta perdicaria/45.npz
Nothoprocta perdicaria,8,0.75,0.1296900510787964,../data/Tinamidae_5s_npz/Nothoprocta perdicaria/25.npz
Nothoprocta perdicaria,9,0.85,0.15524780750274658,../data/Tinamidae_5s_npz/Nothoprocta perdicaria/28.npz
Nothoprocta perdicaria,10,0.95,0.26959216594696045,../data/Tinamidae_5s_npz/Nothoprocta perdicaria/44.npz
Nothoprocta taczanowskii,1,0.05,0.040628015995025635,../data/Tinamidae_5s_npz/Nothoprocta taczanowskii/05.npz
Nothoprocta taczanowskii,2,0.15,0.04640394449234009,../data/Tinamidae_5s_npz/Nothoprocta taczanowskii/04.npz
Nothoprocta taczanowskii,3,0.25,0.05223441123962402,../data/Tinamidae_5s_npz/Nothoprocta taczanowskii/13.npz
Nothoprocta taczanowskii,4,0.35,0.08417856693267822,../data/Tinamidae_5s_npz/Nothoprocta taczanowskii/09.npz
Nothoprocta taczanowskii,5,0.44999999999999996,0.10606545209884644,../data/Tinamidae_5s_npz/Nothoprocta taczanowskii/06.npz
Nothoprocta taczanowskii,6,0.5499999999999999,0.11615657806396484,../data/Tinamidae_5s_npz/Nothoprocta taczanowskii/02.npz
Nothoprocta taczanowskii,7,0.65,0.12197023630142212,../data/Tinamidae_5s_npz/Nothoprocta taczanowskii/10.npz
Nothoprocta taczanowskii,8,0.75,0.13814318180084229,../data/Tinamidae_5s_npz/Nothoprocta taczanowskii/03.npz
Nothoprocta taczanowskii,9,0.85,0.15389978885650635,../data/Tinamidae_5s_npz/Nothoprocta taczanowskii/12.npz
Nothoprocta taczanowskii,10,0.95,0.2294851541519165,../data/Tinamidae_5s_npz/Nothoprocta taczanowskii/01.npz
Nothura boraquira,1,0.05,0.0996863842010498,../data/Tinamidae_5s_npz/Nothura boraquira/21.npz
Nothura boraquira,2,0.15,0.11418098211288452,../data/Tinamidae_5s_npz/Nothura boraquira/30.npz
Nothura boraquira,3,0.25,0.13202530145645142,../data/Tinamidae_5s_npz/Nothura boraquira/28.npz
Nothura boraquira,4,0.35,0.14153069257736206,../data/Tinamidae_5s_npz/Nothura boraquira/19.npz
Nothura boraquira,5,0.44999999999999996,0.15535187721252441,../data/Tinamidae_5s_npz/Nothura boraquira/53.npz
Nothura boraquira,6,0.5499999999999999,0.18023008108139038,../data/Tinamidae_5s_npz/Nothura boraquira/16.npz
Nothura boraquira,7,0.65,0.19189846515655518,../data/Tinamidae_5s_npz/Nothura boraquira/50.npz
Nothura boraquira,8,0.75,0.2029581069946289,../data/Tinamidae_5s_npz/Nothura boraquira/06.npz
Nothura boraquira,9,0.85,0.21895116567611694,../data/Tinamidae_5s_npz/Nothura boraquira/48.npz
Nothura boraquira,10,0.95,0.27822160720825195,../data/Tinamidae_5s_npz/Nothura boraquira/02.npz
Nothura darwinii,1,0.05,0.027050137519836426,../data/Tinamidae_5s_npz/Nothura darwinii/25.npz
Nothura darwinii,2,0.15,0.03291285037994385,../data/Tinamidae_5s_npz/Nothura darwinii/32.npz
Nothura darwinii,3,0.25,0.04034179449081421,../data/Tinamidae_5s_npz/Nothura darwinii/37.npz
Nothura darwinii,4,0.35,0.053732991218566895,../data/Tinamidae_5s_npz/Nothura darwinii/04.npz
Nothura darwinii,5,0.44999999999999996,0.08136868476867676,../data/Tinamidae_5s_npz/Nothura darwinii/08.npz
Nothura darwinii,6,0.5499999999999999,0.10641211271286011,../data/Tinamidae_5s_npz/Nothura darwinii/45.npz
Nothura darwinii,7,0.65,0.24302804470062256,../data/Tinamidae_5s_npz/Nothura darwinii/16.npz
Nothura darwinii,8,0.75,0.31983494758605957,../data/Tinamidae_5s_npz/Nothura darwinii/20.npz
Nothura darwinii,9,0.85,0.3729236125946045,../data/Tinamidae_5s_npz/Nothura darwinii/43.npz
Nothura darwinii,10,0.95,0.501708984375,../data/Tinamidae_5s_npz/Nothura darwinii/18.npz
Nothura maculosa,1,0.05,0.14891988039016724,../data/Tinamidae_5s_npz/Nothura maculosa/49_chunk1.npz
Nothura maculosa,2,0.15,0.18740689754486084,../data/Tinamidae_5s_npz/Nothura maculosa/36.npz
Nothura maculosa,3,0.25,0.19386368989944458,../data/Tinamidae_5s_npz/Nothura maculosa/42.npz
Nothura maculosa,4,0.35,0.21954894065856934,../data/Tinamidae_5s_npz/Nothura maculosa/31.npz
Nothura maculosa,5,0.44999999999999996,0.23955386877059937,../data/Tinamidae_5s_npz/Nothura maculosa/34.npz
Nothura maculosa,6,0.5499999999999999,0.24526447057724,../data/Tinamidae_5s_npz/Nothura maculosa/17_chunk1.npz
Nothura maculosa,7,0.65,0.27516376972198486,../data/Tinamidae_5s_npz/Nothura maculosa/20.npz
Nothura maculosa,8,0.75,0.31998616456985474,../data/Tinamidae_5s_npz/Nothura maculosa/22.npz
Nothura maculosa,9,0.85,0.39305174350738525,../data/Tinamidae_5s_npz/Nothura maculosa/06_chunk2.npz
Nothura maculosa,10,0.95,0.4413028955459595,../data/Tinamidae_5s_npz/Nothura maculosa/10.npz
Nothura minor,1,0.05,0.10274773836135864,../data/Tinamidae_5s_npz/Nothura minor/40.npz
Nothura minor,2,0.15,0.13799291849136353,../data/Tinamidae_5s_npz/Nothura minor/35.npz
Nothura minor,3,0.25,0.16836237907409668,../data/Tinamidae_5s_npz/Nothura minor/33.npz
Nothura minor,4,0.35,0.19717085361480713,../data/Tinamidae_5s_npz/Nothura minor/20.npz
Nothura minor,5,0.44999999999999996,0.21032637357711792,../data/Tinamidae_5s_npz/Nothura minor/02.npz
Nothura minor,6,0.5499999999999999,0.23627829551696777,../data/Tinamidae_5s_npz/Nothura minor/49.npz
Nothura minor,7,0.65,0.2689369320869446,../data/Tinamidae_5s_npz/Nothura minor/08.npz
Nothura minor,8,0.75,0.2953319549560547,../data/Tinamidae_5s_npz/Nothura minor/27.npz
Nothura minor,9,0.85,0.3197903037071228,../data/Tinamidae_5s_npz/Nothura minor/44.npz
Nothura minor,10,0.95,0.36687231063842773,../data/Tinamidae_5s_npz/Nothura minor/19_chunk2.npz
Rhynchotus maculicollis,1,0.05,0.05029416084289551,../data/Tinamidae_5s_npz/Rhynchotus maculicollis/21.npz
Rhynchotus maculicollis,2,0.15,0.06473410129547119,../data/Tinamidae_5s_npz/Rhynchotus maculicollis/18.npz
Rhynchotus maculicollis,3,0.25,0.07627695798873901,../data/Tinamidae_5s_npz/Rhynchotus maculicollis/28.npz
Rhynchotus maculicollis,4,0.35,0.08816337585449219,../data/Tinamidae_5s_npz/Rhynchotus maculicollis/38.npz
Rhynchotus maculicollis,5,0.44999999999999996,0.10338741540908813,../data/Tinamidae_5s_npz/Rhynchotus maculicollis/07.npz
Rhynchotus maculicollis,6,0.5499999999999999,0.11475181579589844,../data/Tinamidae_5s_npz/Rhynchotus maculicollis/02.npz
Rhynchotus maculicollis,7,0.65,0.11923325061798096,../data/Tinamidae_5s_npz/Rhynchotus maculicollis/49.npz
Rhynchotus maculicollis,8,0.75,0.12561017274856567,../data/Tinamidae_5s_npz/Rhynchotus maculicollis/40.npz
Rhynchotus maculicollis,9,0.85,0.14915460348129272,../data/Tinamidae_5s_npz/Rhynchotus maculicollis/11.npz
Rhynchotus maculicollis,10,0.95,0.17805266380310059,../data/Tinamidae_5s_npz/Rhynchotus maculicollis/33.npz
Rhynchotus rufescens,1,0.05,0.06710958480834961,../data/Tinamidae_5s_npz/Rhynchotus rufescens/14.npz
Rhynchotus rufescens,2,0.15,0.07681059837341309,../data/Tinamidae_5s_npz/Rhynchotus rufescens/43.npz
Rhynchotus rufescens,3,0.25,0.08009111881256104,../data/Tinamidae_5s_npz/Rhynchotus rufescens/28.npz
Rhynchotus rufescens,4,0.35,0.09159421920776367,../data/Tinamidae_5s_npz/Rhynchotus rufescens/44.npz
Rhynchotus rufescens,5,0.44999999999999996,0.10888075828552246,../data/Tinamidae_5s_npz/Rhynchotus rufescens/47.npz
Rhynchotus rufescens,6,0.5499999999999999,0.11772465705871582,../data/Tinamidae_5s_npz/Rhynchotus rufescens/48.npz
Rhynchotus rufescens,7,0.65,0.14503002166748047,../data/Tinamidae_5s_npz/Rhynchotus rufescens/16.npz
Rhynchotus rufescens,8,0.75,0.1607586145401001,../data/Tinamidae_5s_npz/Rhynchotus rufescens/04.npz
Rhynchotus rufescens,9,0.85,0.19786357879638672,../data/Tinamidae_5s_npz/Rhynchotus rufescens/21.npz
Rhynchotus rufescens,10,0.95,0.21552181243896484,../data/Tinamidae_5s_npz/Rhynchotus rufescens/22.npz
Taoniscus nanus,1,0.05,0.14271485805511475,../data/Tinamidae_5s_npz/Taoniscus nanus/26.npz
Taoniscus nanus,2,0.15,0.1661120057106018,../data/Tinamidae_5s_npz/Taoniscus nanus/11_chunk3.npz
Taoniscus nanus,3,0.25,0.18251562118530273,../data/Tinamidae_5s_npz/Taoniscus nanus/29.npz
Taoniscus nanus,4,0.35,0.20800763368606567,../data/Tinamidae_5s_npz/Taoniscus nanus/45.npz
Taoniscus nanus,5,0.44999999999999996,0.22853046655654907,../data/Tinamidae_5s_npz/Taoniscus nanus/44.npz
Taoniscus nanus,6,0.5499999999999999,0.24358463287353516,../data/Tinamidae_5s_npz/Taoniscus nanus/47.npz
Taoniscus nanus,7,0.65,0.26782160997390747,../data/Tinamidae_5s_npz/Taoniscus nanus/49.npz
Taoniscus nanus,8,0.75,0.30340576171875,../data/Tinamidae_5s_npz/Taoniscus nanus/31.npz
Taoniscus nanus,9,0.85,0.34158146381378174,../data/Tinamidae_5s_npz/Taoniscus nanus/01.npz
Taoniscus nanus,10,0.95,0.3739578127861023,../data/Tinamidae_5s_npz/Taoniscus nanus/36.npz
Tinamotis ingoufi,1,0.05,0.10898220539093018,../data/Tinamidae_5s_npz/Tinamotis ingoufi/11.npz
Tinamotis ingoufi,2,0.15,0.1443805694580078,../data/Tinamidae_5s_npz/Tinamotis ingoufi/14.npz
Tinamotis ingoufi,3,0.25,0.16999173164367676,../data/Tinamidae_5s_npz/Tinamotis ingoufi/38.npz
Tinamotis ingoufi,4,0.35,0.18574798107147217,../data/Tinamidae_5s_npz/Tinamotis ingoufi/30.npz
Tinamotis ingoufi,5,0.44999999999999996,0.19858169555664062,../data/Tinamidae_5s_npz/Tinamotis ingoufi/29.npz
Tinamotis ingoufi,6,0.5499999999999999,0.2021327018737793,../data/Tinamidae_5s_npz/Tinamotis ingoufi/35.npz
Tinamotis ingoufi,7,0.65,0.23752820491790771,../data/Tinamidae_5s_npz/Tinamotis ingoufi/02.npz
Tinamotis ingoufi,8,0.75,0.2607964277267456,../data/Tinamidae_5s_npz/Tinamotis ingoufi/46.npz
Tinamotis ingoufi,9,0.85,0.34540700912475586,../data/Tinamidae_5s_npz/Tinamotis ingoufi/50.npz
Tinamotis ingoufi,10,0.95,0.4020857810974121,../data/Tinamidae_5s_npz/Tinamotis ingoufi/04.npz
Tinamotis pentlandii,1,0.05,0.10261315107345581,../data/Tinamidae_5s_npz/Tinamotis pentlandii/33.npz
Tinamotis pentlandii,2,0.15,0.12486147880554199,../data/Tinamidae_5s_npz/Tinamotis pentlandii/12.npz
Tinamotis pentlandii,3,0.25,0.1390286087989807,../data/Tinamidae_5s_npz/Tinamotis pentlandii/27.npz
Tinamotis pentlandii,4,0.35,0.15380358695983887,../data/Tinamidae_5s_npz/Tinamotis pentlandii/21.npz
Tinamotis pentlandii,5,0.44999999999999996,0.17021894454956055,../data/Tinamidae_5s_npz/Tinamotis pentlandii/16.npz
Tinamotis pentlandii,6,0.5499999999999999,0.1875717043876648,../data/Tinamidae_5s_npz/Tinamotis pentlandii/24.npz
Tinamotis pentlandii,7,0.65,0.19639694690704346,../data/Tinamidae_5s_npz/Tinamotis pentlandii/08.npz
Tinamotis pentlandii,8,0.75,0.22430264949798584,../data/Tinamidae_5s_npz/Tinamotis pentlandii/52.npz
Tinamotis pentlandii,9,0.85,0.27117919921875,../data/Tinamidae_5s_npz/Tinamotis pentlandii/05.npz
Tinamotis pentlandii,10,0.95,0.31834518909454346,../data/Tinamidae_5s_npz/Tinamotis pentlandii/04.npz
Tinamus guttatus,1,0.05,0.04936748743057251,../data/Tinamidae_5s_npz/Tinamus guttatus/46.npz
Tinamus guttatus,2,0.15,0.06887990236282349,../data/Tinamidae_5s_npz/Tinamus guttatus/47.npz
Tinamus guttatus,3,0.25,0.07542353868484497,../data/Tinamidae_5s_npz/Tinamus guttatus/16.npz
Tinamus guttatus,4,0.35,0.09128952026367188,../data/Tinamidae_5s_npz/Tinamus guttatus/36.npz
Tinamus guttatus,5,0.44999999999999996,0.10035544633865356,../data/Tinamidae_5s_npz/Tinamus guttatus/02.npz
Tinamus guttatus,6,0.5499999999999999,0.11379623413085938,../data/Tinamidae_5s_npz/Tinamus guttatus/43.npz
Tinamus guttatus,7,0.65,0.1234433650970459,../data/Tinamidae_5s_npz/Tinamus guttatus/49.npz
Tinamus guttatus,8,0.75,0.14547693729400635,../data/Tinamidae_5s_npz/Tinamus guttatus/39.npz
Tinamus guttatus,9,0.85,0.17777878046035767,../data/Tinamidae_5s_npz/Tinamus guttatus/32.npz
Tinamus guttatus,10,0.95,0.23743748664855957,../data/Tinamidae_5s_npz/Tinamus guttatus/20.npz
Tinamus major,1,0.05,0.10052865743637085,../data/Tinamidae_5s_npz/Tinamus major/27.npz
Tinamus major,2,0.15,0.11983597278594971,../data/Tinamidae_5s_npz/Tinamus major/02.npz
Tinamus major,3,0.25,0.1303510069847107,../data/Tinamidae_5s_npz/Tinamus major/31.npz
Tinamus major,4,0.35,0.14234966039657593,../data/Tinamidae_5s_npz/Tinamus major/17.npz
Tinamus major,5,0.44999999999999996,0.15753823518753052,../data/Tinamidae_5s_npz/Tinamus major/47.npz
Tinamus major,6,0.5499999999999999,0.1646888256072998,../data/Tinamidae_5s_npz/Tinamus major/15.npz
Tinamus major,7,0.65,0.18134146928787231,../data/Tinamidae_5s_npz/Tinamus major/33.npz
Tinamus major,8,0.75,0.21588146686553955,../data/Tinamidae_5s_npz/Tinamus major/20.npz
Tinamus major,9,0.85,0.2806823253631592,../data/Tinamidae_5s_npz/Tinamus major/12.npz
Tinamus major,10,0.95,0.34214115142822266,../data/Tinamidae_5s_npz/Tinamus major/45.npz
Tinamus osgoodi,1,0.05,0.09057986736297607,../data/Tinamidae_5s_npz/Tinamus osgoodi/39.npz
Tinamus osgoodi,2,0.15,0.10134989023208618,../data/Tinamidae_5s_npz/Tinamus osgoodi/36.npz
Tinamus osgoodi,3,0.25,0.11636829376220703,../data/Tinamidae_5s_npz/Tinamus osgoodi/17.npz
Tinamus osgoodi,4,0.35,0.12690985202789307,../data/Tinamidae_5s_npz/Tinamus osgoodi/15.npz
Tinamus osgoodi,5,0.44999999999999996,0.1330428123474121,../data/Tinamidae_5s_npz/Tinamus osgoodi/03.npz
Tinamus osgoodi,6,0.5499999999999999,0.1401982307434082,../data/Tinamidae_5s_npz/Tinamus osgoodi/45.npz
Tinamus osgoodi,7,0.65,0.157700777053833,../data/Tinamidae_5s_npz/Tinamus osgoodi/06.npz
Tinamus osgoodi,8,0.75,0.21637195348739624,../data/Tinamidae_5s_npz/Tinamus osgoodi/08.npz
Tinamus osgoodi,9,0.85,0.27371811866760254,../data/Tinamidae_5s_npz/Tinamus osgoodi/12.npz
Tinamus osgoodi,10,0.95,0.7972994446754456,../data/Tinamidae_5s_npz/Tinamus osgoodi/28.npz
Tinamus solitarius,1,0.05,0.07735246419906616,../data/Tinamidae_5s_npz/Tinamus solitarius/38.npz
Tinamus solitarius,2,0.15,0.10515272617340088,../data/Tinamidae_5s_npz/Tinamus solitarius/22.npz
Tinamus solitarius,3,0.25,0.11677736043930054,../data/Tinamidae_5s_npz/Tinamus solitarius/31.npz
Tinamus solitarius,4,0.35,0.12934648990631104,../data/Tinamidae_5s_npz/Tinamus solitarius/36.npz
Tinamus solitarius,5,0.44999999999999996,0.15045654773712158,../data/Tinamidae_5s_npz/Tinamus solitarius/03.npz
Tinamus solitarius,6,0.5499999999999999,0.17814785242080688,../data/Tinamidae_5s_npz/Tinamus solitarius/07.npz
Tinamus solitarius,7,0.65,0.19592928886413574,../data/Tinamidae_5s_npz/Tinamus solitarius/28.npz
Tinamus solitarius,8,0.75,0.2093815803527832,../data/Tinamidae_5s_npz/Tinamus solitarius/15.npz
Tinamus solitarius,9,0.85,0.2346717119216919,../data/Tinamidae_5s_npz/Tinamus solitarius/29.npz
Tinamus solitarius,10,0.95,0.33014732599258423,../data/Tinamidae_5s_npz/Tinamus solitarius/47.npz
Tinamus tao,1,0.05,0.0808800458908081,../data/Tinamidae_5s_npz/Tinamus tao/33.npz
Tinamus tao,2,0.15,0.11168479919433594,../data/Tinamidae_5s_npz/Tinamus tao/32.npz
Tinamus tao,3,0.25,0.12566304206848145,../data/Tinamidae_5s_npz/Tinamus tao/08.npz
Tinamus tao,4,0.35,0.1502026915550232,../data/Tinamidae_5s_npz/Tinamus tao/45.npz
Tinamus tao,5,0.44999999999999996,0.157809317111969,../data/Tinamidae_5s_npz/Tinamus tao/17.npz
Tinamus tao,6,0.5499999999999999,0.17163723707199097,../data/Tinamidae_5s_npz/Tinamus tao/25.npz
Tinamus tao,7,0.65,0.19128835201263428,../data/Tinamidae_5s_npz/Tinamus tao/48.npz
Tinamus tao,8,0.75,0.22241055965423584,../data/Tinamidae_5s_npz/Tinamus tao/50.npz
Tinamus tao,9,0.85,0.2547774314880371,../data/Tinamidae_5s_npz/Tinamus tao/20.npz
Tinamus tao,10,0.95,0.37728291749954224,../data/Tinamidae_5s_npz/Tinamus tao/13.npz
